"","Zipcodes","InquiryMale","InquiryFemale","InquiryTotal","InquiryMalePercentage","InquiryFemalePercentage","AppliedMale","AppliedFemale","AppliedTotal","AppliedMalePercentage","AppliedFemalePercentage","AcceptedMale","AcceptedFemale","AcceptedTotal","AcceptedMalePercentage","AcceptedFemalePercentage","EnrolledMale","EnrolledFemale","EnrolledTotal","EnrolledMalePercentage","EnrolledFemalePercentage"
"1","20001",0,1,1,0,1,0,1,1,1,0,0,1,1,0,1,0,0,0,NA,NA
"2","20003",0,1,1,0,1,0,0,0,NA,NA,0,0,0,NA,NA,0,0,0,NA,NA
"3","20008",0,0,0,NA,NA,0,0,0,NA,NA,0,0,0,NA,NA,0,0,0,NA,NA
"4","20011",2,0,2,1,0,1,0,1,0,1,0,0,0,NA,NA,0,0,0,NA,NA
"5","20012",0,1,1,0,1,0,0,0,NA,NA,0,0,0,NA,NA,0,0,0,NA,NA
"6","20015",1,1,2,0.5,0.5,0,0,0,NA,NA,0,0,0,NA,NA,0,0,0,NA,NA
"7","20019",0,0,0,NA,NA,0,0,0,NA,NA,0,0,0,NA,NA,0,0,0,NA,NA
"8","20024",1,0,1,1,0,0,0,0,NA,NA,0,0,0,NA,NA,0,0,0,NA,NA
"9","20521",0,1,1,0,1,0,0,0,NA,NA,0,0,0,NA,NA,0,0,0,NA,NA
